File Name,MD5 Signature,Compressed Size (bytes),Size (bytes)
ApplicationConfig.zip,9e6ce8a71b433d3e6802b3438b418c2d,407,388
BuiltInPlugins.zip,d14b3780ff52c1721d35c0dfe1eaf0fd,101747711,101837653
BuiltInStandalonePlugins.zip,69ccc293014a96ca5a6f5bb057630d5f,105900800,106001884
Plugins.zip,645d3a264b132fd394f158b5c5212c7b,927300,2089472
StudioFonts.zip,a9ab0fb1b76e33f406e92991b71f3646,106114757,133918371
WebView2.zip,37d668d581c931bac263127b8c0be530,83405,166000
WebView2RuntimeInstaller.zip,33edb5a4ed7ff2d851b009472d14d59d,1532149,1636484
RobloxStudio.zip,efe04ece97ce7f1c8e3f1e88b3fe7e5f,116599130,251713021
Libraries.zip,b18385c746b04b9bf8d5680711010bbc,5914531,14726448
LibrariesQt5.zip,be2d599c1fd893bb5bd4cbc6760c974a,8607966,20268032
content-avatar.zip,6509e2faf3d6dfc6ef508c2b34f25634,385479,1622771
content-configs.zip,a63670c685cab41a9385147773566425,306510,1805511
content-fonts.zip,7071af81f7fad1d26ec29b7699f2d96f,5944830,12192571
content-models.zip,b0eaea6e38883c2f552ebfc3c49a66a7,620166,1413471
content-qt_translations.zip,9ac41564393da36084990e6dd9d08f50,650142,2218403
content-sky.zip,1d0390337d1a4a58e5514be1a9481ad6,2448711,4304365
content-sounds.zip,eb9dd4d0637fd6ae21747e6b6a281d21,470471,499208
shaders.zip,b47c7b1dfe48f443c3f892e87dd2f8e9,13093128,82653219
ssl.zip,dd907ca4a475cf8de3bf9b2d41f2a7bf,130569,228725
content-textures2.zip,7261e58eb4c49c6ebdad1ff1171a3360,5738076,5985469
content-textures3.zip,10461fdfb35f35cca13dbe35dcf21343,3716441,8780146
content-studio_svg_textures.zip,3824fe9021a2e4feb2a3b9222df05e76,7163482,6326431
content-terrain.zip,fe7b3ecee91e83f9fade72e8b0f4d47f,4807,47610
content-platform-fonts.zip,8f379ec2b22ff106b837d79f7fdbf0d8,13686751,16427228
content-platform-dictionaries.zip,4472dc285d50e7dfab8ce1a650fe6776,418915,1412166
content-api-docs.zip,98ebd2732321141ce35fa5acb2cebfcc,24803337,243588974
extracontent-scripts.zip,fc21876c3260b7f9b1e3c8df315fd973,3062613,9646722
extracontent-luapackages.zip,2a0f1115527073eaef6031e2dc38b8aa,9504538,32014251
extracontent-translations.zip,05ad996224bf0ecb21cd232070fbbd2b,610717,1919259
extracontent-models.zip,384134e0f98b7bdb23ac65a192e66f89,15599118,15741357
extracontent-textures.zip,bc138844dbab2ab85f9106242854ef61,5859211,6293521
studiocontent-models.zip,6b068c7b9041ba046c47239c0028aea6,207417,760909
studiocontent-textures.zip,d178966148d64aa1305d660681b146f1,9138810,9331790
redist.zip,ef9ef682cc92761cdcfff6614aaad325,1738657,4193416